Genre,Title,Movements,Year,Date,Natural Language Date,EDTF Date,Date Source,Where,Instrumentation,Orchestration,Estimated Duration,Manuscript Status French,Manuscript Status English,Collaborator?,Text Source,Scanned,Dedication,Notes,Premiere,Recording,Tempo Charted
Arrangements,La poule (Rameau),,1929,3/29,"March 29, 1929",1929-03-29,Score,,Organ,,,inédit,,Rameau transcription by Decruck,,,,,,,
Arrangements,Sœur Monique (Couperin),,?,,,,,,,,,inédit (SACEM),,,,,,,,,
Arrangements,Toccata sur le jeu du coucou (Pasquini),,?,,,,,,,,,inédit (SACEM),,,,,,,,,
Chamber Music/Musique de chambre,1e Quatuor à cordes en ré majeur,1- Allegro con spirito; 2-Lomtamente molto espressivo; 3- Scherzetto in fuga; 4- Allegretto energico con stripito,?,,,,,,,,,inédit (SACEM),,,,,,,,,
Chamber Music/Musique de chambre,1er recueil,1- Fugue en duo; 2- Pastorale rustique; 3- Intermission; 4- The Spinning Wheel; 5- Two Brothers,,,,,,,,,,,,,,,,,,,
Chamber Music/Musique de chambre,1e Sonate en trio,1- Quasi unia fantasia; 2- Pastourelle; 3-Leggieroso,?,,,,,,,,,Editions Costallat (SACEM),,,,,,,,,
Chamber Music/Musique de chambre,1e Sonatine pour piano,,?,,,,,,,,,inédit (SACEM),,,,,,,,,
Chamber Music/Musique de chambre,"1e Trio pour flûte, violoncelle et piano",,?,,,,,,,,,perdu,,,,,,,,,
Chamber Music/Musique de chambre,2e Chant lyrique pour saxophone alto mi bémol avec accompagnement piano,,?,,,,,,,,,inédit (SACEM),,,,,,,,,
Chamber Music/Musique de chambre,2e Quatuor à cordes,,?,,,,,,,,,inédit (SACEM),,,,,,4 movements--titles unknown,,,
Chamber Music/Musique de chambre,2e Recueil,1- Ostinato; 2- Jazz et fugue; 3- Romance et double; 4- Ecossaise; 5- Prélude et valse; 5- Introduction et tierces,,,,,,,,,,,,,,,,,,,
Chamber Music/Musique de chambre,2e Sonatine pour piano,1- Allegro moderato; 2- Andantino; 3-4- Deux menuets enchaînés; 5- Allegro,1946,,,,,,,,,"Editions Costallat, 1946",,,,,,,,,
Chamber Music/Musique de chambre,"2e trio pour flûte, violoncelle et piano",,?,,,,,,,,,perdu,,,,,,,,,
Chamber Music/Musique de chambre,3e Chant lyrique pour saxophone alto mi bémol avec accompagnement piano,,1937,,1937,1937,Score,,"Alto Saxophone, Piano",,,"Editions Buffet-Crampon, 1937",POP @ AD,,,X,,,,Jean-Pierre Baraglioli-saxophone,
Chamber Music/Musique de chambre,3e Quatuor à cordes,,?,,,,,,,,,inédit (SACEM),,,,,,,,,
Chamber Music/Musique de chambre,"3e trio pour flûte, violoncelle et piano","1- Lentement, très expressif (allegro moderato); 2- Vif et léger (dans le goût d’un scherzetto de dessin animé); 3- Modéré, très léger",1944,5/7,"May 7, 1944",1944-05-07,Score,Voulx,"Flute, Cello, Piano",,,inédit,Manuscript @ AD,,,X,No,,,,
Chamber Music/Musique de chambre,4e Chant lyrique pour saxophone solo,,?,,,,,,,,,inédit (SACEM),,,,,,,,,
Chamber Music/Musique de chambre,5e Chant lyrique pour saxophone alto mi bémol avec accompagnement piano,,1934,10/31,"October 31, 1934",1934-10-31,SACEM,,"Alto Saxophone, Piano",,,Editions Buffet-Crampon,POP @ AD,,,X,,,,Jean-Pierre Baraglioli-saxophone,
Chamber Music/Musique de chambre,6e Chant lyrique pour saxophone solo,,?,,,,,,,,,inédit (SACEM),,,,,,,,,
Chamber Music/Musique de chambre,Adagio pour Concerto pour violoncelle et orchestre Réduction de l’adagio pour violoncelle et orgue,,1944,9/22,"September 22, 1944",1944-09-22,Score,Paris,"Cello, Organ",,,inédit,Manuscript @ AD,,,X,,Reduced from Adagio movement of the cello concerto,,,
Chamber Music/Musique de chambre,Air Grave pour instruments grave,,1932,3/1,"March 1, 1932",1932-03-01,Score,New York?,"Low Instruments, Piano",,,LOC,Manuscript @ LOC,,,X,,,,,
Chamber Music/Musique de chambre,Andante de la Sonate pour violon et piano; transcription pour violoncelle et orgue par l'auteur,,?,,,,,,"Cello, Piano",,,inédit,Manuscript @ AD,,,X,,,,,
Chamber Music/Musique de chambre,Apaisement pour violoncelle et piano ou violon et violoncelle,,1948-49,,1948-1949,1948/1949,SACEM,Fontainebleau,"Violin, Cello, Piano",,3:00,inédit,Manuscript @ AD,,,X,,,,,
Chamber Music/Musique de chambre,Aria quatuor de saxophones,,?,,,,,,,,,inédit (SACEM),C,,,,,,,,
Chamber Music/Musique de chambre,Arioso pour clarinette contrebasse si bémol et piano,,1932,1/27,"January 27, 1932",1932-01-27,Score,New York?,"Bass Clarinet, Piano",,,LOC,Manuscript @ LOC,,,X,Leon Leblanc,,,,
Chamber Music/Musique de chambre,Boutade pour clarinette et piano,,?,,,,,,,,,"Editions de Paris, ? (SACEM)",,,,,,,,,
Chamber Music/Musique de chambre,Cantilène pour clarinette (ou violin) en si bémol avec accompagnement piano,,1933,12/6,"December 6, 1933",1933-12-06,Score,Paris,"Clarinet, Violin, Piano",,,"Editions de Paris, 1934 ; Editions SEMI",POP & Manuscript of Violin @ AD,No,,X,Dédié à Gaston Hamelin,,,,
Chamber Music/Musique de chambre,Cantique eucharistique et Hymne au Christ,,1944,,1944,1944,Homage,Paris,"Voice, Cello, Organ",,,perdu,Lost,,,,,,"Eglise des Dominicains. Paris, 1944.",,
Chamber Music/Musique de chambre,Cantique pour violoncelle et piano,,1932,,1932,1932,Score,New York,"Cello, Piano",,,"Maurice Decruck, éditeur, 1932",POP @ AD; Cello Manuscript 2 LOC,,,X,Dédié à Robert Refuveille Violoncelle Solo de la N.B.C. de New York,,,,
Chamber Music/Musique de chambre,"Capriccio, trio pour hautbois, clarinette et basson",,1933,12/7,"December 7, 1933",1933-12-07,Manuscript,Paris,Reed Trio,,5:00,"Editions de Paris, 1934",POP @ AD,,,X,,,,Reference by Reeds Amis,
Chamber Music/Musique de chambre,Chant Hebraïque,,1934,,1934,1934,Score,,"Violin, Piano",,,"Editions de Paris, 1934",POP @ AD,Georges Tzipine,,X,,,,,
Chamber Music/Musique de chambre,"Chant lyrique (op. 69) revision pour flûte, hautbois/cor anglais, clarinette, basson, cor et piano",,1947-48,,1947-1948,1947/1948,Score,Marblehead,Piano and Wind Quintet,,,inédit but the score is marked Editions Selmer,Manuscript @ AD,,,X,Dédiée à François Combelle,Earlier version for saxophone from 1934,,,
Chamber Music/Musique de chambre,Chant lyrique (opus 69) pour saxophone alto mi bémol avec accompagnement piano,,1932,2/6,"February 6, 1932",1932-02-06,Score,,"Alto Saxophone, Piano",,6:00,"Editions Selmer, 1932",Manuscript @ POP @ AD,,,X,Dédié à François Combelle,"Multiple versions for band, orchestra and wind 5tet w/piano.",,Jean-Pierre Baraglioli-saxophone,
Chamber Music/Musique de chambre,Complainte de Dinah pour saxophone alto mi bémol avec accompagnement piano,,1934,3/16,"March 16, 1934",1934-03-16,Score,Paris,"Alto Saxophone, Piano",,,"Editions de Paris, 1934",POP @ AD,,,X,No,Piano Part only,,Jean-Pierre Baraglioli-saxophone,
Chamber Music/Musique de chambre,"Danse cambodgienne pour flûte, violon et piano",,1949,,1949,1949,,Fontainebleau,"Flute, Violin, Piano",,,inédit,Manuscript @ AD,,,X,,,,,
Chamber Music/Musique de chambre,"Danse hindoue pour flûte, violon et piano",,1949,,1949,1949,Score,Fontainebleau,"Flute, Violin, Piano",,,inédit,Manuscript @ AD,,,X,,,,,
Chamber Music/Musique de chambre,Danses autour du monde pour saxophone alto mi bémol avec accompagnement piano ou harpe,1- Ile de Java; 2- Cambodge; 3- Santiago; 4- Antipodes; 5- Au pays imaginaire,1943,,1943,1943,,,"Alto Saxophone, Piano",,10:00,"inédit (1, 2, 4-5) inédit (SACEM) 1-3",Manuscript @ AD,,,X,Dédié à Marcel Mule,Santiago missing; 3 movements republished by Billaudot in 2007,,Michael Duke-saxophone; Joren Cain-saxophone,
Chamber Music/Musique de chambre,Deux berceuses Berceuse héroïque au soldat inconnu pour quatuor de cors en fa,1- Lento funebra; 2- Andante espressivo,1935,5/1,"May 1, 1935",1935-05-01,Score,Paris,Horn Quartet,,,inédit,Manuscript @ AD,,,X,Dédié au Soldat inconnu et à Donald Moore,"Reduced Score, Full Score and poem, notes by the composer on how to adapt for saxophone quartet. Entered by Aubin into Sibelius.",,,
Chamber Music/Musique de chambre,Deux berceuses pour quatuor de saxophones,1- Lento funebra; 2- Andante espressivo,?,,,,,,,,,inédit (SACEM),,,,,,,,,
Chamber Music/Musique de chambre,Duetto pour trompettes en si bémol (ou ut),,?,,,,,,,,,inachevé ? (brouillon),,,,,,,,,
Chamber Music/Musique de chambre,Elégie (opus 42) Transcription pour flûte et piano ou flûte solo par Quinto Maganini,,1931,7/1,"July 1, 1931",1931-07-01,Score,Auzeville,"Flute, Piano",,,"Editions Selmer, 1932",Manuscript @ AD,,,X,Dédié à Henri Selmer,Transcription by Quinto Maganini,,,
Chamber Music/Musique de chambre,Elégie (opus 42) pour clarinette en si bémol avec accompagnement piano,,1931,7/1,"July 1, 1931",1931-07-01,Score,Auzeville,"Clarinet, Piano",,,"Editions Selmer, 1932",Manuscript @ AD,,,X,Dédié à Henri Selmer,,,,
Chamber Music/Musique de chambre,Fantaisie-Prélude pour violoncelle et piano,,1949,,1949,1949,,,"Cello, Organ",,,inédit,,,,,,,,,
Chamber Music/Musique de chambre,"Frises, quatuor de clarinettes",1- Musiciens danseurs; 2- Pastorale; 3- Sur la mort d’un héros; 4- Tisseuses de voiles,?,,,,,,,,,inédit (SACEM),,,,,,,,,
Chamber Music/Musique de chambre,Jazz-Toccata pour saxophone et orchestre-Redcution for saxophone and piano,,?,,,,,,"Alto Saxophone, Piano",,3:00,inédit,Manuscript @ AD,,,X,,,,Jean-Pierre Baraglioli-saxophone,
Chamber Music/Musique de chambre,La Parque pour violoncelle et piano,,?,,,,,,"Cello, Piano",,,inédit,Manuscript @ AD,,,X,,There is a patch on the back that at one time was used for the trumpet part of Fantaisie Orientale pour hautbois et orchestre,,,
Chamber Music/Musique de chambre,Légende du sud Réduction pour trombone et piano,,1934,,1934,1934,Score,,"Trombone, Piano",,,"Editions de Paris, 1934",POP @ AD,,,X,Dédié à Marcel Dumont,Orchestral Version (probably original is lost),,,
Chamber Music/Musique de chambre,Les Adonis pour deux violons et piano,,?,,,,,,,,,perdu,,,,,,,,,
Chamber Music/Musique de chambre,"Les Sérénades pour flûte, violon et piano (1-7)",1-Sérénade Espagnole; 2- Serénade Sentimentale; 3- Serénade a Shanghï; 4- Serénade a Mexico; 5- Serénade Castillane; 6- Serénade Bresilienne; 7- Serénade Antique,1949,8/11,"August 11, 1949",1949-08-11,Score,Fontainebleau,"Flute, Violin, Piano",,,inédit,Manuscript @ AD,,,X,A mon fils Michel,The order of the movements is an educated guess. Many arrangements for other combinations exist.,,,
Chamber Music/Musique de chambre,Maghreba suite arabe pour saxophone alto mi bémol et harpe,1- Danse maghrébine; 2- Mélopée et danse mode Sïka; 3- Chant du désert mode Chleuh; 4- Evocation arabe,?,,,,,,,,,inédit (SACEM),,,,,,,,,
Chamber Music/Musique de chambre,Odelette pour hautbois avec accompagnement piano ou harpe,,1934,1/5,"January 5, 1934",1934-01-05,SACEM,,"Oboe, Piano, Harp",,,"Editions de Paris, 1934",POP Manuscript @ AD,,,X,"Dédié à Monsieur Morel, hautbois solo de la Garde Républicaine et des Concerts Colonne",,,,
Chamber Music/Musique de chambre,"Orientales, trio pour hautbois, clarinette et basson",1- Mozaïques; 2- Le chevrier; 3- Danse de BA; 4- Le chamelier; 5- Fête mauresque,1943,4/11,"April 11, 1943",1943-04-11,Score,,Reed Trio,,,inédit (SACEM),Manuscipt @ Royal Conservatory Antwerp Library,,,X,Dedicated to Trio d'anches de Bruxelles,,,,
Chamber Music/Musique de chambre,Pastorale triste pour cor en fa et piano,,1934,,1934,1934,Score,,"Horn, Piano",,4:00,"Editions de Paris, 1934",POP @ AD,,,X,"Dédiée à Edouard Villermoz, professeur au Conservatoire et cor solo de la Société des Concerts",,,,
Chamber Music/Musique de chambre,"Pavane, version for trio pour hautbois, clarinette et basson",,1949,6/4,"June 4, 1949",1949-06-04,Score,Fontainebleau,"Oboe, Clarinet, Bassoon",,3:00,inédit,Manuscript @ AD,,,X,,Other versions available,,,
Chamber Music/Musique de chambre,"Pavane, version for quatuor de saxophones",,1933,,1933,1933,Score,,Saxophone Quartet,,3:00,"Editions de Paris, 1933 ; Editions SEMI",POP @ AD,,,X,Dédié au Quatuor de la Garde Républicaine,Other versions available,,,
Chamber Music/Musique de chambre,"Pavane, version pour hautbois ou violon et piano",,1949,8/14,"August 14, 1949",1949-08-05,Score,Fontainebleau,"Oboe, Violin, Piano",,3:00,inédit,Manuscript @ AD,,,X,,Other versions available,,Reference by Reeds Amis,
Chamber Music/Musique de chambre,Pièces françaises pour saxophone alto mi bémol avec accompagnement piano,1- Tambourin; 2- Le vieux calvaire; 3- Villageoise; 4- Forlane; 5- L’horloge; 6- Rondel; 7- Rigaudon; 8- Toccata,1943,,1943,1943,,,"Alto Saxophone, Piano",,,"Editions Costallat, 1944; Editions Billaudot",Manuscript & New @ AD,,,X,Dédiées à Marcel Mule,,,Jean-Pierre Baraglioli-saxophone; Michael Duke-saxophone,
Chamber Music/Musique de chambre,Pièces romantiques pour quintette à vent,1- Impromptu; 2- Eglogue; 3- Nocturne; 4- Lied; 5- Caprice,?,,,,,,,,,inédit (SACEM),,,,,,,,,
Chamber Music/Musique de chambre,"Quatuor pour violon, alto, violoncelle et piano en ut dièse mineur","1- Andante; 2- Très modéré, allegro molto; 3- Andantino affectuoso; 4- Très modéré, allegro con molto poco agitato",?,,,,,,,,,"Editions Costallat, ? (SACEM)",,,,,,,,,
Chamber Music/Musique de chambre,Recueillement pour violoncelle ou violon ou clarinette et piano,,1949,October,October 1949,1949-10,SACEM,Fontainebleau,"Violin, Cello, Clarinet, Piano",,3:00,inédit,Manuscript @ AD,,,X,,,,,
Chamber Music/Musique de chambre,Red in Blues pour trompette en si bémol et piano,,1934,,1934,1934,Score,,"Trumpet, Piano",,,Editions Selmer,POP Manuscript @ AD,,,X,Dédié à Philippe Brun,,,,
Chamber Music/Musique de chambre,Sax Volubile pour saxophone alto mi bémol avec accompagnement piano,,1934,8/8,"August 8, 1934",1934-08-08,Score,Auzeville,"Alto Saxophone, Piano",,2:00,"Editions Billaudot, 2006",Manuscript & New @ AD,,,X,No,,,Jean-Pierre Baraglioli-saxophone,
Chamber Music/Musique de chambre,Saxofonia di camera quatuor de saxophones,,?,,,,,,,,,inédit (SACEM),,,,,,,,,
Chamber Music/Musique de chambre,Saxophonesques pour deux saxophones altos mi bémol,,?,,,,,,,,,"Editions de Paris, ?inédits (SACEM)",,,,,,,,,
Chamber Music/Musique de chambre,"Saxophonie, quatuor de saxophones",1- Allegro moderato; 2-Lento expressivo; 3-Tempo de jazz,1934,,1934,1934,Score,,Saxophone Quartet,,,"Editions de Paris, 1934",POP @ AD,,,X,,"No score, just parts",,,
Chamber Music/Musique de chambre,Saxophonietta pour saxophone alto mi bémol avec accompagnement piano,,1934,3/29,"March 29, 1934",1934-03-29,SACEM,Paris?,"Alto Saxophone, Piano",,,"Editions de Paris, ?",Manuscript @ AD,,,X,No,,,,
Chamber Music/Musique de chambre,Scherzo élégiaque pour flûte et piano,,1934,,1934,1934,Score,,"Flute, Piano",,,"Editions de Paris, 1934",,,,X,"Dédié à Lucien Lavaillotte de la Société des Concerts, flûte solo de l’Opéra",,,,
Chamber Music/Musique de chambre,Scherzo Fantasque Réduction pour basson et piano,,1933,12/14,"December 14, 1933",1933-12-14,Score,Paris,"Bassoon, Piano",,,"Editions de Paris, 1934",POP Manuscript @ AD,,,X,"Dédié à Fernand Oubradous, de la Société des Concerts du Conservatoire",,,,
Chamber Music/Musique de chambre,Selmera Sax pour saxophone et orchestre: Reduction pour saxophone et piano,,1933,12/8,"December 8, 1933",1933-12-08,SACEM,,"Alto Saxophone, Piano",,2:00,"Editions de Paris, 1934",POP & Manuscript @ AD,,,X,,,,Jean-Pierre Baraglioli-saxophone,
Chamber Music/Musique de chambre,Sérénade espagnole version pour violoncelle et piano,,1949-1950,,1949-1950,1949/1950,,Fontainebleau,"Cello, Piano",,3:00,inédit,Manuscript @ AD,,,X,,from Les Sérénades,,,
Orchestral Music/Musique Orchestrale,Sérénade sentimentale,,1949-1950,,1949-1950,1949/1950,,Fontainebleau,"Oboe, Chamber Orchestra",2021 0000 str,3:00,inédit,Manuscript @ AD,,,X,,from Les Sérénades; source is Pastorale Triste,,,
Chamber Music/Musique de chambre,Sérénade sentimentale version pour violoncelle et piano,,1949-1950,,1949-1950,1949/1950,,Fontainebleau,"Cello, Piano",,3:00,inédit,Manuscript @ AD,,,X,,from Les Sérénades,,,
Chamber Music/Musique de chambre,Sextette,"1- Allegro appassionato e poco agitato, all ma non troppo, con anima; 2-allegro scherzando to moderato di fua; 3- Tema con variazioni allegretto con moto",?,,,,,,,,,inédit (SACEM),,,,,,,,,
Chamber Music/Musique de chambre,Sinfonia de camera pour quatuor à cordes et piano,,?,,,,,,,,,inédit (SACEM),,,,,,,,,
Chamber Music/Musique de chambre,Sinfonia pour quintette,,?,,,,,,,,,inédit (SACEM),,,,,,,,,
Chamber Music/Musique de chambre,Six duettos pour clarinettes en si bémol,1- Scherzettino; 2- Romance en duo; 3- 3e duo; 4- 4e duo; 5- 5e duo; 6- 6e duo,1934,1/27,"January 27, 1934",1934-01-27,Score,Paris,Clarinet Duo,,,"Editions de Paris, 1934",POP & Manuscript @ AD,,,X,"Dédié à Pierre Lefebvre, soliste de la Garde Républicaine et des Concerts Lamoureux",Date discrepancies.,,,
Chamber Music/Musique de chambre,Sonate en sol pour violon et piano,"1- Allegro appassionato e con Rubato; 2- Lent, et fatigue; 3- Scherzo- pas trop vite, trés souple; 4- Vif et bien Rhthmé",1942,6/20,"June 20, 1942",1942-06-20,Score,Toulouse,"Violin, Piano",,,Fragments inédits (partie de piano perdue),Manuscript @ AD,,,X,Probably writte for André Asselin,Score says that the good copie is with Asselin,,,
Chamber Music/Musique de chambre,"Sonate en trio (2e ) pour hautbois, clarinette en si bémol et basson",1- Moderé; 2- Andante amabile; 3- Scherzo giocoso,1949,10/28,"October 28, 1949",1949-10-28,SACEM,Fontainebleau,Reed Trio,,11:30,inédit,Manuscript @ AD,,,X,"Dédiée à Paul Siguier, Maurice Coëx et Simon Colette","An earlier version with 4 movements was created in 1945 for the trio d'anches René Daraux: oboist René Daraux, clarinetist Fernand Gossens, and bassoonist Ange Maugendre",,Reference by Reeds Amis,
Chamber Music/Musique de chambre,Sonate en ut dièze mineur Réduction pour saxophone alto (ou alto) et piano,1- Modéré et très expressif; 2- Andante; 3- Fileuse; 4- Nocturne et final,1943,1/17,"January 17, 1943",1943-01-17,Score,Paris,,,14:00,"Editions Costallat, 1944 ; Editions Billaudot, ?",Manuscript & New @ AD,,,X,"Dédiée à Marcel Mule, professeur de saxophone au Conservatoire Nationale de Paris",,,Claude Delangle-saxophone ; Nicolas Prost- saxophone ; Hilary Herndon viola; Michael Ibrahim-saxophone; Jean-Yves Fourmeau-saxophone,
Chamber Music/Musique de chambre,Sonate pour piano,"1- Presque lent sans rigueur, modéré sans lenteur; 2- Adagio; 3- Animé et tumultueux",?,,,,,,,,,inédit (SACEM),,,,,,,,,
Chamber Music/Musique de chambre,Sonatine en mi pour violon et violoncelle,1- Modéré et souple; 2- Aria bitonal; 3- Allegro moderato,1944,4/13,"April 13, 1944",1944-04-13,Score,Paris,"Violin, Cello",,,"Editions de Paris, 1944?",POP & Manuscript @ AD,,,X,Spécialement écrite pour André Asselin et Paul Bazelaire,,,,
Chamber Music/Musique de chambre,Spleen pour saxophone alto mi bémol avec accompagnement piano,,1934,9/14,"September 14, 1934",1934-09-14,SACEM,,"Alto Saxophone, Piano",,3:30,"Editions de Paris, 1935",POP & Manuscript @ AD,,,X,Dédié à Camille Sauvage,,,Jean-Pierre Baraglioli-saxophone,
Chamber Music/Musique de chambre,Stars under the Moon pour saxophone alto mi bémol avec accompagnement piano,,1934,8/6,"August 6, 1934",1934-08-06,Score,Auzeville?,"Alto Saxophone, Piano",,3:00,inédit,Manuscript @ AD,,,X,Dédié à Camille Sauvage,,,Jean-Pierre Baraglioli-saxophone,
Chamber Music/Musique de chambre,Suite dans le style ancien pour quatuor à cordes,1- Prélude; 2- Courante à la française; 3- Passepied 1; 4- Passepied 2; 5- Sarabande; 6- Giga,?,,,,,,Strinq Quartet,,13:00,inédit,Manuscript @ AD,,,X,,2 copies of the prelude,,,
Chamber Music/Musique de chambre,Suite renaissance pour trompette et orgue ou piano,"1- Modéré; 2- Modéré, Souple et gracieux; 3- Andantino cantabile; 4- Moderato con ritmo",1948,7/23,"July 23, 1948",1948-07-23,Score,Fontainebleau,"Trumpet, Organ, Piano",,,inédit,Manuscript @ AD,,,X,Dédiée à Roger Voisin de la Boston Symphony Orchestra,"2 versions, possibly 3 exist. 1st version completed on 1/15/48 in Marblehead. 1st version has 5 movements and is in a different key. 3rd version is for chamber orchestra of 1111 1100 Hp str 5tet",,,
Chamber Music/Musique de chambre,Sur la lyre suite pour saxophone alto et piano,1- Allégorie pastorale; 2- Le Chèvre-pied; 3- Les lamentations de Joë; 4- Petit nocturne des nuits lunaires; 5- Les Bacchantes; 6- Les fées bercent Titania; 7- Quand la brise s’accorde aux lyres,?,,,,,,,,,inédit (SACEM),,,,,,,,,
Chamber Music/Musique de chambre,The Conqueror Sax,,?,,,,,,,,,inédit (SACEM),,,,,,,,,
Chamber Music/Musique de chambre,The Golden Sax pour saxophone alto mi bémol avec accompagnement piano,,1934,3/9,"March 9, 1934",1934-03-09,Score,Paris?,"Alto Saxophone, Piano",,3:30,"Editions de Paris, 1934",Manuscript @ AD,,,X,Dédié à Rudy Wiedoeft,,,Jean-Pierre Baraglioli-saxophone,
Chamber Music/Musique de chambre,The Rex Sax pour saxophone alto mi bémol avec accompagnement piano,,1934,8/5,"August 5, 1934",1934-08-05,Score,Auzeville,"Alto Saxophone, Piano",,,Editions de Paris,Manuscript @ AD,,,X,No,,,Jean-Pierre Baraglioli-saxophone,
Chamber Music/Musique de chambre,Totem suite pour saxophones,,?,,,,,,,,,inédit (SACEM),,,,,,,,,
Chamber Music/Musique de chambre,"Trio classique pour hautbois, clarinette et basson","1- Dans un mouvement souplé et sans lenteur. Trés expressif; 2- Allegro agitato; 3- Andante poco recitativo e molto espressivo; 4- Tempo moderato di Fuga, legato e serioso",?,,,,,,Reed Trio,,7:00,inédit,Manuscript @ AD,,,X,"Dédié à MM. Morel, Lefebvre et Oubradous",,,,
Chamber Music/Musique de chambre,"Trio pour flûte, basson et harpe",,?,,,,,Paris,"Flute, Bassoon, Harp",,,"inédit, fragmentaire (manque partie de harpe)",Fragments (missing harp) @ AD,,,,No,,,,
Chamber Music/Musique de chambre,"Variations en trio sur l’air du P’tit Quinquin pour hautbois, clarinette et basson",,1935,8/17,"August 17, 1935",1935-08-17,Score,Auzerville,Reed Trio,,7:00,Editions Gras,Manuscript @ AD,,,X,"Dédié au Trio d’anches de Paris, à MM. Morel, Lefebvre et Oubradous",Theme and 5 variations,,,
Chamber Music/Musique de chambre,Variations saxophoniques quatuor de saxophones,,1939,January 2-8,"January 2 1939 to January 9, 1939",1939-01-02/1939-01-08,Score,Toulouse,Saxophone Quartet,,15:00,inédit,Manuscript @ AD,,,X,,Theme and 11 variations,,,
Chamber Music/Musique de chambre,"Variations sur un air pyrénéen, trio pour hautbois, clarinette et basson",,1945,9/11,"September 11, 1945",1945-09-11,Score,Paris,"Oboe, Clarinet & Bassoon",,6:00,Editions Gras,Manuscript @ AD,,,X,Dédié à Fernand Oubradous,Theme and 14 variations,,Reference by Reeds Amis,
Exercices/études,24 études et exercices pour le piano (faciles et assez faciles),,?,,,,,,Piano,,,inédit,Manuscript @ AD,,,X,,,,,
Exercices/études,"34 Études pour le basson: mélodiques, espressives ou a vitousité",,,,,,,,Bassoon,,,inédit,Manuscript @ AD,,,X,,Looks like she may have intended to reduce to 12. Definitive copy with Fernand Oubradous,,,
Exercices/études,64 leçons d’harmonie offertes à Jean Gallon,,1945-46,,1945-1946,1945/1946,,,,,,? (1953),,,,,,,,,
Exercices/études,A Child’s Avensong (piano),,?,,,,,,,,,inédit (SACEM),,,,,,,,,
Exercices/études,"Alain, Françoise et leurs amis (récréation enfantine) pour piano",,?,,,,,,,,,"Editions Costallat, ?",,,,,,,,,
Exercices/études,"Bagatelles, 12 pièces sans difficultés (pour piano)",1- Bourée; 2- Gavotte; 3- Malagueña; 4- La Jota; 5- Danse Andalouse; 6- Rondo; 7- Menuet du Roy; 8- Chant Portugais; 9- Nuit de Noël; 10- Bergamesque; 11- Air et Bourdon; 12- Hongroise,1933,,1933,1933,Score,,Piano,,,"Editions de Paris, 1933",POP @ AD,,,"Only 2, 5, 8 and 9",,,,,
Exercices/études,Chanteclerc (piano),,?,,,,,,,,,inédit (SACEM),,,,,,,,,
Exercices/études,"Disques, suites pour piano à deux mains",1- New-York Queenborough Bridge-Traffic (July 1930); 2- Mott Street at Night (November 1930); 3- Gouttes d’eau (August 1930); 4- Fifth-Avenue Bus (November 1931),1930; 1930; 1930; 1931,July; November; August; November,July 1930 to November 1931,"{1930-07, 1930-08, 1930-11, 1931-11}",Score,Forest Hills; Chinatown; Forest Hills; écrit dans l'autobus de la 5e Avenue. NY,Piano,,,"Editions de Paris, 1932",POP @ AD,,,X,No,,,,
Exercices/études,Ecole Moderne du Saxophone,,1931,,1931,1931,Score,,Alto Saxophone,,,"Alphonse Leduc, 1931",POP,"Maurice Decruck-author, revision by Fernande Breil",,X,,35 Etudes,,,
Exercices/études,"Enfantillages, 12 pièces très faciles pour amuser nos enfants (piano)",1- Ping-Pong; 2- Skating; 3- Yo-yo; 4- Croquemitaine; 5- Matamore; 6- L'ogre; 7- Le gouter; 8- Le Thé; 9- Patés de Sable; 10- Les Poilus; 11- Les Marins; 12- Les Flics,1933,7/14,"July 14, 1933",1933-07-14,Score,Garches,Piano,,,"Editions de Paris, 1933",POP @ JD,,,X,,,,,
Exercices/études,Feuillet d’album op. 124 n° 14 (R. Schumann),,?,,,,,,,,,inédit (SACEM),,,,,,,,,
Exercices/études,Feuillet d’album op. 99 n° 4 (R. Schumann),,?,,,,,,,,,inédit (SACEM),,,,,,,,,
Exercices/études,Feuillet d’album op.124 n° 15 (R. Schumann),,?,,,,,,,,,inédit (SACEM),,,,,,,,,
Exercices/études,"Fillettes, 12 pièces assez faciles pour le piano",1- L'Heure de l'École; 2- La Petite Paysanne; 3- Pour bercer Pouponnet; 4- Courous; 5- Coucou 1933; 6- Babillage; 7- La Cueillette des Cerises; 8- Pour un petit agneau; 9- Tourmentin; 10- La lettre; 11- Histoire d'une petite fée; 12- Dans les Prés fleuris,1933,7/30,"July 30, 1933",1933-07-30,Score,Auzeville,Piano,,,"Editions de Paris, 1933",POP @ JD or Mimi,,,X,,,,,
Exercices/études,First Spring Morning (piano),,?,,,,,,,,,inédit (SACEM),,,,,,,,,
Exercices/études,Legende et Allegro,,,,,,,,"Bass, Piano",,,Fragments inédits (partie de piano incomplet),Manuscript @ AD,,,,,7 etudes,,,
Exercices/études,Miniatures polonaises pour piano,1- Mazour; 2- Kuyawiak; 3- Berceuse; 4- Dumkas; 5- Comte de Noël; 6- Chanson de route,1931,January,January 1931,1931-07,Score,New York,Piano,,,"Editions de Paris, 1933",POP @ AD,,,X,Dédié à Raymonde Blanc,,,,
Exercices/études,Nurse’s Song (piano),,?,,,,,,,,,inédit (SACEM),,,,,,,,,
Exercices/études,Pour un petit agneau (piano),,?,,,,,,,,,Editions de Paris (SACEM),,,,,,,,,
Exercices/études,Romance en fa dièse majeure n° 2(R. Schumann),,?,,,,,,,,,inédit (SACEM),,,,,,,,,
Exercices/études,Tarentelle (piano),,?,,,,,,,,,inédit (SACEM),,,,,,,,,
Exercices/études,The Golden Player (piano),,?,,,,,,,,,inédit (SACEM),,,,,,,,,
Exercices/études,The Green Gnome (piano),,?,,,,,,,,,inédit (SACEM),,,,,,,,,
Exercices/études,The Grey Squirrels (piano),,?,,,,,,,,,inédit (SACEM),,,,,,,,,
Exercices/études,Trois études de virtuosité pour grand orgue,,?,,,,,,,,,inédit (SACEM),,,,,,,,,
Exercices/études,Valentine’s Day (piano),,?,,,,,,,,,inédit (SACEM),,,,,,,,,
Film Music/Musiques de film,Châteaux de cartes,,?,,,,,,,,,Editions de Paris,,G. Tzipine,,,,,,,
Film Music/Musiques de film,Compagnie cinématographique lumière (générique),,?,,,,,,,,,inédit (SACEM),,,,,,,,,
Film Music/Musiques de film,Générique Menjou,,?,,,,,,,,,inédit (SACEM),,G. Tzipine,,,,,,,
Film Music/Musiques de film,L’âme des fleurs,,?,,,,,,,,,Editions de Paris,,,,,,,,,
Film Music/Musiques de film,L’Express fantôme,,?,,,,,,,,,inédit (SACEM),,,,,,,,,
Film Music/Musiques de film,L’Homme fantôme,,?,,,,,,,,,"Editions de Paris, ? (SACEM)",,G. Tzipine,,,,,,,
Film Music/Musiques de film,La Marine française aux colonies,,?,,,,,,,,,inédit (SACEM),,,,,,,,,
Film Music/Musiques de film,Laurel s’enhardit,,?,,,,,,,,,"Editions de Paris, ? (SACEM)",,G. Tzipine,,,,,,,
Film Music/Musiques de film,Le Bagnard,,1934,,1934,1934,Score,,Piano,,,Editions de Paris,POP @ AD,Michel Warlop,,X,,,,,
Film Music/Musiques de film,Les cathédrales de l’ombre,,?,,,,,,,,,Editions de Paris,,M. Meunier,,,,,,,
Film Music/Musiques de film,Slim gardien de la paix,,,,,,,,,,,,,,,,,,,,
Film Music/Musiques de film,Studio à louer,,?,,,,,,,,,"Editions de Paris, ? (SACEM)",,G. Tzipine,,,,,,,
Film Music/Musiques de film,Un grand amour,,?,,,,,,,,,"Editions de Paris, ? (SACEM)",,A. Warlop,,,,,,,
Film Music/Musiques de film,Une étape au pays Moï,,?,,,,,,,,,inédit (SACEM),,,,,,,,,
Orchestral Music/Musique Orchestrale,A Farewell,,?,,,,,,,,,inédit (SACEM),,,,,,,,,
Orchestral Music/Musique Orchestrale,Allegro agitato,,?,,,,,,,,,inédit (SACEM),,,,,,,,,
Orchestral Music/Musique Orchestrale,"Ballade romantique, poème pour hautbois",,?,,,,,,,,,inédit (SACEM),,,,,,,,,
Orchestral Music/Musique Orchestrale,Barcarolle,,?,,,,,,,,,inédit (SACEM),,,,,,,,,
Orchestral Music/Musique Orchestrale,Boy Scout’s Parade,,?,,,,,,,,,inédit (SACEM),,,,,,,,,
Orchestral Music/Musique Orchestrale,Cafunga: conga,,1936,12/31,"December 31, 1936",1936-12-31,LOC-Catalogue Entry,,,,,perdu,,Armando Oréfiche (author),,,,,,,
Orchestral Music/Musique Orchestrale,Chant lyrique Transcription pour l’harmonie de la Garde Républicaine réalisée par M. Pierre Dupont,,1938,,1938,1938,,,,,,inédit (SACEM),,,,,,,,,
Orchestral Music/Musique Orchestrale,Chant lyrique pour saxophone et orchestre,,1937,,1937,1937,,,,,,perdu,,,,,,,,,
Orchestral Music/Musique Orchestrale,Cinq poèmes chrétiens pour contralto et orchestre,1- Jésus tombe pour la seconde fois (Paul Claudel); 2- Le Crucifix (Lamartine); 3- La Couronne effeuillée (Desbordes-Valmore); 4- Epiphanie (José-Maria de Heredia); 5- Cantique (Jean Racine),1944,,1944,1944,Score,Paris,,4344 4331 T 6perc 2 hpe str: chamber 1111 0000 Pf str,14:00,Editions Durand,Durand for Hire,,,X,"2, 3 et 5 dédiés à Hélène Bouvier, de l’Opéra; 1 A la mémoire de mon frère, Albert Breilh; 4 A la mémoire de mon père",Also a chamber verision and a version for voice and piano (says 1946),Concerts Colonne. Paris 1944.Hélène Bouvier,,
Orchestral Music/Musique Orchestrale,Cinq poèmes chrétiens pour voix et orchestre chambre,1- Jésus tombe pour la seconde fois (Paul Claudel); 2- Le Crucifix (Lamartine); 3- La Couronne effeuillée (Desbordes-Valmore); 4- Epiphanie (José-Maria de Heredia); 5- Cantique (Jean Racine),1946,11/17,"November 17, 1946",1946-11-17,Score,Paris,"Mezzo Soprano, Chamber Orchestra",1111 0000 Pf str,14:30,Editions Durand,Durand for Hire,,,X,"2, 3 et 5 dédiés à Hélène Bouvier, de l’Opéra; 1 A la mémoire de mon frère, Albert Breilh; 4 A la mémoire de mon père",Also a full orchestra verision and a version for voice and piano (says 1944),,,
Orchestral Music/Musique Orchestrale,Concerto pour clarinette et orchestre,1- Premier mouvement; 2- Andante; 3- Gigue,1947,,1947,1947,Homage,Paris,,,,inédit (SACEM),,,,,Dédié à Louis Cahuzac,,,,
Orchestral Music/Musique Orchestrale,Concerto pour harpe et orchestre,1- Allegro; 2-Andante; 3- Vif et léger; 4- Fuguette; 5- Final allegro molto,1944,8/9,"August 9, 1944",1944-08-09,Score,Voulx,"Harp, Orchestra",2+1/P.2+Eh.2+Bc.2+Cbn 4331 T+3 Solo Hp Cel Str,,inédit,Manuscript @ AD,,,X,Dédié à Pierre Jamet,Program in Janine Packet,"Concerts Colonne, Pierre Jamet, March 31, 1946. Paul Paray-Conductor. Theatre du Chatelet. Program in Janine packet.",,
Orchestral Music/Musique Orchestrale,Concerto pour orgue et orchestre,,1947,,1947,1947,Homage,Paris,,,,perdu,Lost,,,,,,,,
Orchestral Music/Musique Orchestrale,Concerto pour piano et orchestre,,1948,,1948,1948,,,,,,perdu (inachevé ?),Lost/Unfinished,,,,,Also a reduction for solo and 2nd piano,,,
Orchestral Music/Musique Orchestrale,Concerto pour saxophone et orchestre,,?,,,,,,,,,inédit (SACEM),,,,,,,,,
Orchestral Music/Musique Orchestrale,Concerto pour violoncelle et orchestre,"1- Andantino non troppo; 2-Adagietto, molto tranquillo; 3- Allegro energico",1932,10/29,"October 29, 1932",1932-10-29,Score,New York,"Cello, Orchestra",2+1.2+1.2+1.2+1 4431 T Hp str,,inédit,Manuscript @ AD,,,X,,Also a reduction of movement 2 for cello and organ,,,X
Orchestral Music/Musique Orchestrale,Fantaisie Orientale,,?,,,,,,"Oboe, Orchestra",,,perdu,Snipit on the back of La Parque,,,,,,,,
Orchestral Music/Musique Orchestrale,Fantoches (scène de ballet),,,,,,,,,,,inédit (SACEM),Lost,,,,,,,,
Orchestral Music/Musique Orchestrale,Hunting Song,,?,,,,,,,,,inédit (SACEM),,,,,,,,,
Orchestral Music/Musique Orchestrale,Hymne à Apollon pour harpe solo et orchestre (d’après des fragments monodiques de l’hymne de Mésomède de Crête – 130 ap. J.-C.),1- Choral. Maestoso; 2- Fugue. Modéré de fugue,1944,3/22,"March 22, 1944",1944-03-22,Score,Paris,Orchestra,3*.3*.2+1.3+1 — 4.4.3.1 — timb. - 6 perc. - 2 hpe — cordes,10:00,inédit,Manuscript @ AD,,,X,Dédié à Eugène Bigot,Extensive Program notes,"Concerts Lamoureux. Paris, April 7, 1945",,
Orchestral Music/Musique Orchestrale,Intermezzo,,?,,,,,,,,,inédit (SACEM),,,,,,,,,
Orchestral Music/Musique Orchestrale,Jazz-Toccata pour saxophone et orchestre,,?,,,,,,,,,perdu,,,,,,,,,
Orchestral Music/Musique Orchestrale,L’écran harmonieux,1- Soir; 2- Abeilles d’or; 3- Le sommeil de l’enfant; 4- Incantation; 5- Choral,?,,,,,,,,,inédit (SACEM),,,,,,,,,
Orchestral Music/Musique Orchestrale,Le Galop d’après une mélodie de Henri Duparc,,1947,9/8,"September 8, 1947",1947-09-08,Score (BNF),Paris,"Baritone, Orchestra",22(1+2/eh)22 2000 T Hp Str (Chant bass solo),,Editions Durand,Manuscript @ BNF,,Poème de Sully Prudhomme,,No,"Recorded by Charles Panzera, baryton ; Orchestre sous la direction de Jean Fournet.",,,
Orchestral Music/Musique Orchestrale,Légende du sud pour trombone et orchestre,,?,,,,,,,,,perdu,,,,X,Dédié à Marcel Dumont,,,,
Orchestral Music/Musique Orchestrale,Les clochers de Vienne : Suite de Valses, ,1935,,1935,1935,Score,,Orchestra,"1+1.1+1.2.1 2210 T Batterie, Glock, Vibes, Cel, Hp Str",7:00,"Editions de Paris, 1935",{arts Portugese Radio Orchestra and Partal AD,,,X,,Introduction and 5 movements,,,
Orchestral Music/Musique Orchestrale,"Les Trianons, suite concertante pour clavecin ou piano et orchestre",1- Allegro Moderato; 2- Andante; 3- Allegro Vivo,1946,8/28,"August 28, 1946",1946-08-28,Score,Paris,"Harpsichord, Piano, orchestra",1112 2100 Asax Cel Timb 2drums Str,,inédit,Manuscript @ AD,,,X,Dédiée à Marcelle de Lacour,Full Score and Clavecin Part,,,
Orchestral Music/Musique Orchestrale,"Madiejda, quatre danses russes pour orchestre",,?,,,,,,,,,inédit (SACEM),,,,,,,,,
Orchestral Music/Musique Orchestrale,Marathon-Marche,,?,,,,,,Orchestra,1121 0320 2 AS 1 TS str,,fragments,Manuscript @ AD,,,X,,Piano score and most of parts. Could be played as is,,,
Orchestral Music/Musique Orchestrale,Marche arabe,,?,,,,,,,,,inédit (SACEM),,,,,,,,,
Orchestral Music/Musique Orchestrale,Marche funèbre égyptienne,,?,,,,,,,,,inédit (SACEM),,,,,,,,,
Orchestral Music/Musique Orchestrale,Marche mystérieuse,,?,,,,,,,,,inédit (SACEM),,,,,,,,,
Orchestral Music/Musique Orchestrale,Menuet,,?,,,,,,,,,inédit (SACEM),,,,,,,,,
Orchestral Music/Musique Orchestrale,Partita,1- Menuet; 2- Sarabande; 3- Pastorale et fugue,1932,,1932,1932,Score,,Orchestra,0000 4431 T str,,Theodore Presser,Rental,,,X,No,Available as rental through Presser.,,,
Orchestral Music/Musique Orchestrale,"Poème héroïque pour trompette solo en ut, cor solo en fa et orchestre",,1946,9/8,"September 8, 1946",1946-09-08,Score,Paris,"Horn, Trumpet, Orchestra",Solo Horn & Trumpet 3*.2.2+1.3+1 3231 T 4 perc 2hp cel str,,inédit,Manuscript @ AD,,,X,,Decruck scratched out and replaced with Breilh,,,
Orchestral Music/Musique Orchestrale,Poème héroïque Réduction pour trompette en ut et piano,,1948,3/8,"March 8, 1948",1948-03-08,Score,Marblehead,"Trumpet, Piano",,,inédit,Manuscript @ AD,,,X,,Probably for Roger Voisin,,,
Orchestral Music/Musique Orchestrale,Scherzo Fantasque pour basson et orchestre,,1934,5/28,"May 28, 1934",1934-05-28,Score,Paris,"Bassoon, Orchestra",1121 2220 T+1 Cel Hp Str,,Editions de Paris,Manuscript @ AD,,,X,"Dédié à Fernand Oubradous, de la Société des Concerts du Conservatoire",AD has set of parts (likely to have been owned by Oubradous). Have not scanned yet,,,
Orchestral Music/Musique Orchestrale,Selmera Sax pour saxophone et orchestre,,?,,,,,,,,,perdu,,,,,,,,,
Orchestral Music/Musique Orchestrale,Snow Drops,,?,,,,,,,,,inédit (SACEM),,,,,,,,,
Orchestral Music/Musique Orchestrale,Solitude,,?,,,,,,,,,inédit (SACEM),,,,,,,,,
Orchestral Music/Musique Orchestrale,Sonate en ut dièze mineur pour saxophone alto (ou alto) et orchestre,1- Modéré et très expressif; 2- Andante; 3- Fileuse; 4- Nocturne et final,1943,,1943,1943,,,"Alto Saxophone, Viola, Orchestra",,,inédit,,,,,"Dédiée à Marcel Mule, professeur de saxophone au Conservatoire",,,,
Orchestral Music/Musique Orchestrale,Suite Florentine,1- Chant prélude; 2- Sérénade florentine; 3- Air en sol; 4- Diptyque,?,,,,,,,,,inédit (SACEM),,,,,,,,,
Orchestral Music/Musique Orchestrale,Suite Française pour orchestre à cordes avec soli d’instruments à vent,"1- Fanfare, forlane, branle; 2- Pavane, nocturne, chanson; 3- Sarabande, conclusion, choral",1944,11/20,"November 20, 1944",1944-11-20,Score,Paris,Orchestra,2+opt3.2+opt3.2+1.2+1 43+opt4.31 T+4 Cel 2Hp str,,inédit,Manuscript @ AD,,,,,Reduced Score completed on 11/7/44 in Paris,,,
Orchestral Music/Musique Orchestrale,Suite Romane,1- Prélude; 2- Adagio; 3- Allegro assai,1950,7/5,"July 5, 1950",1950-07-05,Score,,Orchestra,2.1(opt2).2.1(opt2) 2100 T Pf str,10:00,inédit,Manuscript @ AD,,,,Dédié à Minssart,Score/Reduced Score and Parts,,,
Orchestral Music/Musique Orchestrale,Suite Scandinave,1- Printemps dans les fjords; 2- Patineuses; 3- Sapins sous la neige; 4- Sports d’hiver; 5- Légende de la fille des neiges; 6- Danse norvégienne,?,,,,,,,,,inédit (SACEM),,,,,,,,,
Orchestral Music/Musique Orchestrale,Symphonie brève,1- Allegro moderato; 2- Andantino; 3- Scherzettino; 4- Final,,,,,,,,,,inédit (SACEM),Lost,,,,,III- Villes,,,
Orchestral Music/Musique Orchestrale,Symphonie orientale (ballet),1- Prélude; 2- Danse souple et mesurée; 3- Air du berger; 4- Pastorale; 5- Incantation et danse du sorcier; 6- Apparition de Zaïna; 7- Danse des sept Zaïna et des sept princes; 8- Danse mystérieuse; 9- Danse du supplice; 10- Nuit orientale et danse avec chœur et soli; 11- Danse du jour naissant suivi de la danse vertigineuse du soleil; 12- Apothéose,1941,8/28,"August 28, 1941",1941-08-28,Score,Toulouse,Orchestra,3+1.2+Eh.2+Bc.2+Cbn 4431 T+4 2Hp Cel Str,,inédit,Manuscript @ AD,No,1001 Nights,X,No,Program Notes w/Manuscript,,,
Orchestral Music/Musique Orchestrale,"Tapisserie de Ste Geneviève et Jeanne d’Arc, oratorio pour soli, chœur, orgue et orchestrent",,1945-49,,,,,,,,,perdu,,,,,,,,,
Orchestral Music/Musique Orchestrale,The Sea Gull,,?,,,,,,,,,inédit (SACEM),,,,,,,,,
Orchestral Music/Musique Orchestrale,The Star,,?,,,,,,,,,inédit (SACEM),,,,,,,,,
Orchestral Music/Musique Orchestrale,Trio symphonique,,,,,,,,,,,inédit (SACEM),Lost,,,,,,,,
Organ Music/Musique pour orgue,1eSonate pour grand orgue,,1948,,1948,1948,,,,,,perdu (brouillon),,,,,,,,,
Organ Music/Musique pour orgue,1eSonate pour orgue,,1946,,1946,1946,,,,,,inédit,,,,,,,,,
Organ Music/Musique pour orgue,2eSonate pour grand orgue,1- Andante; 2- Fantaisie; 3- Recueillement; 4- Final,1948,,1948,1948,,,,,,inédit,,,,,,,,,
Organ Music/Musique pour orgue,3esonate pour grand orgue,,1947,,1947,1947,,,,,,inédit,,,,,,,,,
Organ Music/Musique pour orgue,"Le tombeau de Clérambault, suite",,?,,,,,,,,,inédit (SACEM),,,,,,,,,
Organ Music/Musique pour orgue,Nouveaux chants pour grand orgue,,1931,12/1,"December 1, 1931",1931-12-01,Score,Toulouse,Organ,,,inédits (SACEM) Editions de Paris (1933) pour Sicilienne et Printemps; Manuscipt @ LOC,,,,X,Dédiés à Fernando Germani,Entrée en fa; Offertoire en fa; Petit Choral; Pastorale en fa; Entrée solennelle; Elévation; Scherzino; Choral libre; Communion; Pastourelle; Funérailles; Berceuse en dialogue; Printemps; Sicilienne; Villanelle; Dernier chant; Volutes,,,
Organ Music/Musique pour orgue,Prélude en ré mineur pour grand orgue,,?,,,,,,,,,inédit (SACEM),,,,,,,,,
Organ Music/Musique pour orgue,Suite ancienne en si bémol majeur,1- Prélude; 2- Courante; 3- Sarabande; 4- Gavotte; 5- Gigue,1929,,1929,1929,,,,,,perdu,,,,,,,,,
Organ Music/Musique pour orgue,Suite pour l’orgue moderne,1- Prélude; 2- Courante; 3- Sarabande; 4- Gavotte; 5- Gigue,?,,,,,,,,,inédit (SACEM),,,,,,,,,
Organ Music/Musique pour orgue,Symphonie pour grand orgue,1- Allegro con brio; 2- Allegretto; 3- Toccata,?,,,,,,,,,inédit (SACEM),,,,,,,,,
Organ Music/Musique pour orgue,Trois pièces pour cor anglais et grand orgue,1- Offrande; 2- Elévation; 3- Nativité,1947,November,November 1947,1947-11,,Paris/Marblehead,"Cello, English horn, Organ",,,inédit (SACEM),Manuscript @ AD,,,X,,"Not sure, but this is most likely the source material to the 3 pieces played with E. Power Biggs. 1 and 2 movement were written in 4/29/45 in Paris",,,
Organ Music/Musique pour orgue,Variations sur un air gallois,,1928,,1928,1928,Score,,Organ,,,"Editions Leduc, 1928",POP @ AD,,,X,dédié à Marcel Dupré,Theme and 12 variations,,,
Solo piano,8 préludes pour piano,1- Crépuscule sur Notre Dame de Paris; 2- Colonnes Antiques (bitonal); 3- Notre-Dame la lune; 4- Le nain; 5- La dame en robe de brocatelle; 6- Invention bitonale; 7- Faux bourdon; 8- Arc-en-ciel (bitonale),1947-48,,1947-1948,1947/1948,Score,Marblehead,Piano,,,inédit,Manuscript @ AD,,,X,No,,,,
Solo piano,Andantino et fileuse,,?,,,,,,,,,inédit (SACEM),,,,,,,,,
Solo piano,Aquarium,,1932,January,January 1932,1932-01,Score,New York,Piano,,,"inédit Editions de Paris, 1933",POP @ AD,,,X,,,,,
Solo piano,"Au soir, nocturne",,?,,,,,,,,,inédit (SACEM),,,,,,,,,
Solo piano,Charme- valse moderato,,1934,1/21,"January 21, 1934",1934-01-21,Score,Paris,Piano,,,inédit,Manuscript @ AD,,,X,,,,,
Solo piano,Christmas Dolls on Parade (Parade des Poupées de Noël) Novelty Fox Trot,,?,,,,,New York?,Piano,,,inédit,Manuscript @ AD,,,X,,Signed by Fay Beryl,,,
Solo piano,Danses et procession andalouses,1- Granadina; 2- Tortosina; 3- Saeta; 4- Jota Valenciana,1930-31,Winter,Winter 1930-1931,1930-24/1931-24,Score,New York,Piano,,,"Editions de Paris, 1933",POP @ AD,,,X,No,,,,
Solo piano,De Chine,1- La danseuse; 2- L’éléphant de jade; 3- Le chien pékinois,?,,,,,,,,,inédit (SACEM),,,,,,,,,
Solo piano,Hispania,1- En los jardines de Aranjuez; 2- La caución del vaquero; 3- Corazón Vente a la Sierra; 4- La Alegría de la Fiesta; 5- El Alma de mi España,1931,Summer,Summer 1931,1931-23,Score,New York?,Piano,,,LOC,,,,X,George A. Copeland Jr.,,,,
Solo piano,Impressions pittoresques,1- Fin d’orage; 2- A l’aube; 3- Stream; 4- Au fil de l’eau; 5- Fête villageoise,?,,,,,,,,,inédit (SACEM),,,,,,,,,
Solo piano,Inventions bitonales (I-VI),,?,,,,,,,,,inédit,,,,,,,,,
Solo piano,Musiques d’été,1- Ondoiements; 2- Marine; 3- Rustic,1932,May,May 1932,1932-05,Score,Auzeville,Piano,,,"Editions de Paris, 1933",POP @ AD,,,X,,"Mvts. 1 & 3 written in May of 1932 at Auzeville, Mvt. 2 written in June of 1932 aboard the Ile de France.",,,
Solo piano,Nouvelles: Mouvement perpétuel,,1930-31,,1930-1931,1930/1931,Score,New York,Piano,,,inédit,Manuscript @ AD,,,X,Dédié à Jeanne-Marie Darré,,,,
Solo piano,Petite bourrée fantasque,,?,,,,,,,,,inédit (SACEM),,,,,,,,,
Solo piano,Preludio,,?,,,,,,,,,inédit (SACEM),,,,,,,,,
Solo piano,Remembrances,1- Les lyres cadencées; 2- Gavotte surannée; 3- Les vieux remords; 4- Les anciens songes; 5- Le dit du Chevalier; 6- Don Ramirez; 7- Dona Elvire; 8- Rêves Pérégrins; 9- Le Nonchaloir; 10- Les Fériales; 11- Au son des clavecins; 12- Le cortège des pluies,,,,,,,,,,"Editions Costallat, ? (2 recueils)",,,,,,,,,
Solo piano,Soleil couchant: Romance sans paroles(ouFeuillet d’album),,1925,7/21,"July 21, 1925",1925-07-21,Score (BNF),,,,,"Editions A. de Smit, 1925",,,,,a Rachel Schneider,,,,
Solo piano,Splendeurs et tristesse d’Espagne,1- Alhambra; 2- Guerilleros; 3- Murcie; 4- Inquisitions; 5- Escorial,?,,,,,,,,,inédit (SACEM),,,,,,,,,
Solo piano,"Venitian Moon, barcarolle",,?,,,,,,,,,inédit (SACEM),,,,,,,,,
Solo piano,Vieux Noël languedocien avec variations,,?,,,,,,,,,inédit (SACEM),,,,,,,,,
Songs/Mélodies,Bestiaires,"1- Allegrement, clair; 2- Vif, bien rhythme; 3- Récitatif; 4- Air complete; 5- Incomplet",?,,,,,,"Voice, Piano",,,inédit,Unpublished and incomplete,,Textes de Auguste Miquelard,,,,,,
Songs/Mélodies,C’est l’heure charmante,,?,,,,,,,,,inédit (SACEM),,,Texte de Richard Del,,,,,,
Songs/Mélodies,Calvaire,,?,,,,,,,,,Inédit (SACEM),,,Texte d’A. Vanet,,,,,,
Songs/Mélodies,Châine de Poêmes pour chant choral : Also titled (Pour le jour des Rois),"1- Et s'il revenait un jour; 2- D'où vient qu'en cette nuitée; 3- Où allez-vous, mes songes",?,,,,,,Choir,,7:30,inédit,Duplicate of movement 2 manuscript only @ AD; the rest is with Mimi,,"Textes de Maeterlinck, Denisot et Labèque",X,,Poems included for Denisot et Labèque. Most Likely written in 1947 or 1948 in Marblehead because Walter Scott's name is on the score .,,,
Songs/Mélodies,Chanson,,?,,,,,,,,,inédit (SACEM),,,Texte de M. Maeterlinck,,,,,,
Songs/Mélodies,Chanson Annamite,,?,,,,,,,,,inédit (SACEM),,,,,,,,,
Songs/Mélodies,Chanson Chinoise,,?,,,,,,,,,inédit (SACEM),,,,,,,,,
Songs/Mélodies,Chanson Chleuh,,?,,,,,,,,,inédit (SACEM),,,,,,,,,
Songs/Mélodies,Chanson de Pâques,,?,,,,,,,,,"Editions Costallat, 1944",,,Texte de Stuart Merrill,,"Dédié à Hélène Bouvier, de l’Opéra",,,,
Songs/Mélodies,Chanson gothique,,?,,,,,,,,,inédit (SACEM),,,Texte de Gérard de Nerval,,,,,,
Songs/Mélodies,Chanson Hawaïenne,,?,,,,,,,,,inédit (SACEM),,,,,,,,,
Songs/Mélodies,Chanson Indienne ouTitacampa,,,,,,,,,,,inédit (SACEM),,,Texte de P. de Joannis,,,,,,
Songs/Mélodies,Chanson Japonaise,,?,,,,,,,,,inédit (SACEM),,,,,,,,,
Songs/Mélodies,Chanson Napolitaine(orchestre),,?,,,,,,,,,inédit (SACEM),,,,,,,,,
Songs/Mélodies,Comme le prunier et comme l’oiseau,,1935,6/6,"June 6, 1935",1935-06-06,SACEM,,"Voice, Piano",,,inédit,Manuscript @ AD,,Texte de Jean Calmès,X,,,,,
Songs/Mélodies,Dans la pénombre grise,,?,,,,,,,,,"Editions de Paris, ?",,,Texte de la Comtesse de Tolstoï,,,,,,
Songs/Mélodies,Dans les ombres du Yoshiwara,,1937,2/13,"February 13, 1937",1937-02-13,SACEM,,"Voice, Piano",,,inédit (SACEM),Manuscript @ AD,,Texte de Jean Calmès,X,No,,,,
Songs/Mélodies,De Cristal vêtue,,1934,,1934,1934,Score,,"Voice, Piano",,,"Editions de Paris, 1934",POP @ AD,,Texte de la Comtesse de Tolstoï,X,Dédié à Geneviève Vix,,,,
Songs/Mélodies,Di-da-dou(berceuse),,1934,,1934,1934,Score,,"Voice, Piano",,,"Editions de Paris, 1934",POP @ AD,,Texte de la Comtesse de Tolstoï,X,Dédié à Jeannine et Michel,,,,
Songs/Mélodies,Espoir en Dieu,,?,,,,,,"Voice, Piano",,,inédit,Unpublished and incomplete,,Texte de Louis Rollin,X,Dédié à Monique Rollin,,,,
Songs/Mélodies,Extase,,?,,,,,,,,,Editions de Paris (SACEM),,,Texte de Richard Del,,,,,,
Songs/Mélodies,Heures ternes,,?,,,,,,,,,inédit (SACEM),,,Texte de M. Maeterlinck,,,,,,
Songs/Mélodies,Hissez les voiles,,?,,,,,,,,,inédit (SACEM),,,,,,,,,
Songs/Mélodies,Il pleut,,?,,,,,,,,,perdu ( ?),,,Texte de Guillaume Apollinaire,,,,,,
Songs/Mélodies,Jaskina,,?,,,,,,,,,inédit (SACEM),,,Texte de M. Bataille,,,,,,
Songs/Mélodies,L’abri de mon rêve,,?,,,,,,,,,"Editions de Paris, ? (SACEM)",,,Texte de M. Bataille,,,,,,
Songs/Mélodies,La Berceuse de Marie-Madeleine,,1945,6/6,"June 6, 1945",1945-06-06,Score,Paris,"Voice, Piano",,,Editions de Paris,POP & Manuscript @ Alain Decruck,,Texte de Auguste Miquelard,X,,,,,
Songs/Mélodies,La chanson de Sanja,,?,,,,,,,,,inédit (SACEM),,,Texte de M. Bataille,,,,,,
Songs/Mélodies,La Mendiante,,?,,,,,,,,,"Editions de Paris, ?",,,Texte de la Comtesse de Tolstoï,,,,,,
Songs/Mélodies,La pendule de marbre blanc,,1936,,1936,1936,Score,,"Voice, Piano",,,"Editions de Paris, 1936",POP @ AD,,Texte de Jean Calmès,X,,,,,
Songs/Mélodies,La route au soleil,,?,,,,,,,,,Editions de Paris (SACEM),,,Texte de M. Bataille,,,,,,
Songs/Mélodies,Le Cavalier,,?,,,,,,,,,inédit (SACEM),,,Texte de St. Georges de Bouhelier,,,,,,
Songs/Mélodies,Le Lézard à l’écaille grise,4 movements,?,,,,,,"Voice, Piano",,,inédit,Manuscript @ AD,,Texte de A. Miquelard,X,,Piano score only with words written in; 4 movements,,,
Songs/Mélodies,Le mariage de Mitsou,,?,,,,,,,,,inédit (SACEM),,,Texte de M. Bataille,,,,,,
Songs/Mélodies,Le Pont de soie,,1944,5/25,"May 25, 1944",1944-05-25,Score (BNF),,"Voice, Piano",,,"Editions Costallat, 1944",,,Texte de Paul Fort,X,Dédié à Charles Panzera,,,,
Songs/Mélodies,Le Rigaudon,,1934,,1934,1934,Score,,"Voice, Piano",,,"Editions de Paris, 1934",POP @ AD,,Texte de la Comtesse de Tolstoï,X,Dédié à Geneviève Vix,,,,
Songs/Mélodies,Le roi de Thulé,,?,,,,,,,,,inédit (SACEM),,,Texte de Gérard de Nerval,,,,,,
Songs/Mélodies,Le Sablier,,1935,,1935,1935,Score,,"Voice, Piano",,,"Editions de Paris, ?",,,Texte de la Comtesse de Tolstoï,X,No,,,,
Songs/Mélodies,Le Secret de la brise,,?,,,,,,,,,inédit (SACEM),,,Texte de Richard Del,,,,,,
Songs/Mélodies,Les Effarés,,1943,6/1,"June 1, 1943",1943-06-01,Score,Paris,"Voice, Piano",,,inédit,Manuscript @ AD,,Texte d’Arthur Rimbaud,X,Dédié à Noémie Perugia,,,,
Songs/Mélodies,Les Horloges,,1946,,1946,1946,Score,,"Voice, Piano",,,"Editions Costallat, 1946",POP & Manuscript @ Alain Decruck,,Texte de Emile Verhaeren,X,"Dédié à Hélène Bouvier, de l’Opéra",,,,
Songs/Mélodies,"Les Jardins de la joie, recueil de chants",Il fait bleu; La maison du bonheur; Vas-y de tout ton cœur; En poussant ta navette; Elle est belle ma campagne; Jean-Marie le marin; Chanson pour maman; Prière à M. le Bon Dieu; Le soleil est à tout le monde; Ronde provençale; Gascogne et Périgord; La ronde des saisons,?,,,,,,,,,Baëtz,,,Texte de P. de Joannis et P. Ducou,,,,,,
Songs/Mélodies,Les trois angélus,,?,,,,,,,,,inédit (SACEM),,,Texte de P. Grandy,,,,,,
Songs/Mélodies,Nocturne,,?,,,,,,,,,inédit (SACEM),,,Texte de Jean Moréas,,,,,,
Songs/Mélodies,Nuit des villages ou amour dédaigné,,?,,,,,,,,,"perdu, Editions Costallat, ?",,,Texte de M. Fombeure,,,,,,
Songs/Mélodies,O Pater Noster,,?,,,,,,,,,Paribus,,,,,,,,,
Songs/Mélodies,O Salutaris,,?,,,,,,,,,Paribeus,,,,,,,,,
Songs/Mélodies,O Salutaris Hostia,,?,,,,,,,,,Paribus,,,,,,,,,
Songs/Mélodies,Pluie,,?,,,,,,,,,inédit (SACEM),,,Texte de Richard Del,,,,,,
Songs/Mélodies,Pour le libre des Amours: 3 Extraits du libre des Amours de Pierre de Ronsard,1- Voice le bois...; 2- Or' que le ciel…; 3- A un aubé pin...,,,,,,,Choir,,5:15,inédit,Manuscript @ JD,,,X,,Poems of Pierre de Ronsard; Most Likely written in 1947 or 1948 in Marblehead because Walter Scott's name is on the score .,,,
Songs/Mélodies,Prière de Mitsou,,?,,,,,,,,,Editions de Paris,,,Texte de M. Bataille,,,,,,
Songs/Mélodies,Prière pour dormir heureux,,?,,,,,,,,,"perdu, Editions Costallat, ?",,,Texte de M. Fombeure,,,,,,
Songs/Mélodies,"Robe blanche, pensées noires",,?,,,,,,,,,inédit (SACEM),,,Texte de M. Bataille,,,,,,
Songs/Mélodies,Royauté,,?,,,,,,,,,inédit (SACEM),,,Texte de Stuart Merril,,,,,,
Songs/Mélodies,Six Melodies,1- Souvenir; 2- Tristesse; 3- Quietude; 4- Serenade; 5- Nocturne; 6- Melancolie,,,,,,,"Voice, Piano",,,"perdu, Editions de Paris",,,Poésies de Fernande Decruck,,,,,,
Songs/Mélodies,Soir dans la pagode,,1946,,1946,1946,Score,,"Voice, Piano",,,"Editions Costallat, 1946",POP @ AD,,Texte de Raphaël Barquisseau,X,,,,,
Songs/Mélodies,Soldats de la Paix!,,1942,2/7,"February 7, 1942",1942-02-07,Score,Toulouse,"Voice, Piano",,,inédit (SACEM),Manuscript @ AD,René Azum-music and Georges Haquard Lyrics,,X,No,,,,
Songs/Mélodies,Suite pour chant Choral,1- Prélude; 2- Allegro moderato; 3- Andantino espressivo; 4- Moderato serioso,,,,,,,Choir,,7:15,inédit,Manuscript @ JD,,,X,,Poems of Arthur Rimbaud; Most Likely written in 1947 or 1948 in Marblehead because Walter Scott's name is on the score .,,,
Songs/Mélodies,Sur le grand lac,,1946,,1946,1946,Score,,"Voice, Piano",,,"Editions Costallat, 1946",POP @ AD,,Texte de Raphaël Barquisseau,X,,,,,
Songs/Mélodies,"Tous les deux, mon doux mari",,?,,,,,,,,,inédit (SACEM),,,Texte de M. Bataille,,,,,,
Songs/Mélodies,Tragique berceuse,,?,,,,,,,,,inédit (SACEM),,,Texte de Richard Del,,,,,,
Songs/Mélodies,"Viens petit Noël, prière enfantine",,1939,,1939,1939,Score,,"Voice, Piano",,,"Editions de Paris, 1939",POP @ AD,,Texte de Jean Bretière,X,,,,,
Vocal Music/Musique vocale,"Cantique à la Vierge pour chant, harpe, quintette à cordes et orgue",,?,,,,,,,,,perdu,,,,,,,,,
Vocal Music/Musique vocale,Cinq poèmes chrétienspour contralto et orchestre Réduction pour soprano et piano,"1- Jésus tombe pour la seconde fois (Paul Claudel), 2- Le Crucifix (Lamartine), 3- La Couronne effeuillée (Desbordes-Valmore), 4- Epiphanie (José-Maria de Heredia), 5- Cantique (Jean Racine)",1944,,1944,1944,Score,,"Voice, Piano",,,"Editions Durand, 1944",Printed Copies @ AD,,,X,"2, 3 et 5 dédiés à Hélène Bouvier, de l’Opéra; 1 A la mémoire de mon frère, Albert Breilh; 4 A la mémoire de mon père",,,,
Vocal Music/Musique vocale,"Les Illuminations (Symphonie Rimbaldienne)pour orchestre symphonique, chœur, soli et récitant","I- Prélude (Rimboud); II- Six lieder pour deux solistes, récitant et orchestre : 1- Aube, 2- J’ai tendu des cordes de clocher à clocher, 3- Des fleurs magiques bourdonnaient, 4- Au bois il y a un oiseau, 5- Je suis le saint, 6- Qu’on me loue enfin ce tombeau; III. Villes",1943,,1943,1943,,Paris,,,,Editions Costallat (II- Six lieder) 1e et 3e mouvements inédits,,,Rimbaud,,Dédié à Charles Panzera,,Concerts Lamoureux. Paris 1943. Hélène Bouvier & Charles Panzéra,,
Vocal Music/Musique vocale,Poèmes de l’anthologie grecquepour soprano et orchestre,"1- Des navettes (Philippe de Thessalonique, Iesiècle ap. J.-C.); 2- Timaréta (épigramme votive); 3- L’offrande; 4- Les flots et les vagues houleuses (3-4 : épigrammes votives d’Antipater de Thessalonique); 5- Thyrsis (épigramme funéraire de Myrinos); 6- Sauterelle (Méléagre, 140 av. J.-C.); 7- Héliodora (épigramme funéraire de Méléagre); 8- Sur la stèle d’Aleximénès (épigramme funéraire de Dioscoride, IIIe siècle av. J.-C.)",1944,,1944,1944,,,,,,inédit,,,,,,,,,
Vocal Music/Musique vocale,Poèmes rustiques(poème symphonique),,?,,,,,,,,,inédit (SACEM),,,,,,,,,
